,,Tweet,N A,Personal,food,Medical,Fundraising/Awareness,
taeiae,00:56.0,i finished the first lupus tales fic and now its 4am while i gotta get up at 6am n have 10 hours of classes https://t.co/mJTsXhAwEF,,,,,,
mistykj05,59:36.0,Co-ed floor same as my son. I didn't get to drop mine off due to my #Lupus. HeartstringsPulled,,x,,,,
@DamonkWayans @keeshash,arp @dantebro,,,,,,,
linmp1031,56:58.0,"@ajstarr10 @therealzanetta Who makes a pkgd saffron mix? I mostly cook from scratch, but I'd have that in the pantry for Lupus days",,x,x,,,
_CrazyWonderful,55:04.0,I‚Äôm determined to connect with other #lupuswarriors no more feeling alone! #spoonie #lupus,,x,,,,
kristiekbauer,53:19.0,New Blog: My open letter to @selenagomez about lupus. https://t.co/xKJLbJcJC5 #lupussucks #lupusawareness #selenagomez #lupusstrong,,x,,,,
FoxyConservativ,52:05.0,@Loricatus_Lupus This is also true,,,,,,
_CrazyWonderful,51:14.0,@LADAOrg so happy I found this page!!  #iamnotalone #lupus #warrior,,x,,,,
startgadget,47:29.0,7 Facts About Lupus Disease You May Not¬†Know https://t.co/qCdmq2d3Ir https://t.co/e6veheHS7H,,,,x,x,
lifebunnytips,47:28.0,7 Facts About Lupus Disease You May Not¬†Know https://t.co/WxVcajT5d4 https://t.co/n1nuMWWAGu,,,,x,x,
InetF,46:50.0,@SmithtonM @Loricatus_Lupus @Jdoering1945Sr @KAFosterSowell üòú. Could be I‚Äôm just a giant doofus but...Whatever! ü§îü§°,,,,,,
InetF,44:17.0,@SmithtonM @Loricatus_Lupus @Jdoering1945Sr @KAFosterSowell I don‚Äôt get it either Sis. üòÇüòÇ,,,,,,
madure,37:04.0,Medical News Today: Lupus: Probiotics could help to reduce kidney inflammation https://t.co/aUAUebmqeI https://t.co/E52ihCNveN,,,,x,,
EdgardoVRamire1,35:41.0,How Lupus Changed Flannery O‚ÄôConnor‚Äôs Writing and Took Her Life - https://t.co/8RpaV3MYSv,,,,,X,
AnnKateri04,32:53.0,@Loricatus_Lupus Yot since May when I broke my bibs.,,,,,,
BodyBuildTweets,29:09.0,#Gainz #BodyBuilding #Muscle #Forum Nutrition - Lupus: Probiotics could help to reduce kidney inflammation https://t.co/ybel22npXK,,,,x,,
wikithefish,26:09.0,@camilzf mad props to you that's intense it's also a lot of cases of it not being lupus,,x,,,,
_Tissaa,25:36.0,I  never tell anyone how I‚Äôm feeling bc nobody can relate to lupus except my Mom Bc she has it as well but I will not stress her,,x,,,,
LupusChannel,25:04.0,"#LUPUS Study:  ""Autoinjector for At-home Use of #Benlysta Favored by Lupus Patients"" via #LNT",,,,x,,
,,,,,,,,
https://t.co/hbyrOcyZ8j,,,,,,,,
jujubeee714,25:04.0,"#LUPUS Study:  ""Autoinjector for At-home Use of #Benlysta Favored by Lupus Patients"" via #LNT",,,,x,,
,,,,,,,,
https://t.co/p6qB3dim0e,,,,,,,,
satcenterca,24:26.0,Culinary and HRT team members donating time to raise awareness for Lupus @HRT_team @satellitecenter @SCPPS https://t.co/BqSSCRQ4ZD,,,,,x,
MRodriguesMD,24:09.0,"@selenagomez has shed some light on #lupus, let's do the same this month! üëåüèΩ#LupusAwarenessMonth #dermatology https://t.co/d5",,,,,x,
thepopboss,22:14.0,"Ok, so, basically: vitiligo, lupus and acne; second- and third-degree scalp burns; chin cleft addition; nose jobs; and, well, aging",,,,x,,
HeatherJ1275,20:02.0,Disabled and Fierce! #beautiful #Lupus #YouGotThis #yougogirl https://t.co/LB3SSWR603,,x,,,,
rracheI,16:30.0,@jefezoff can i have 1 ticket for tomorrow's show please i have lupus,,x,,,,
Skye_pls,14:06.0,"@Pompadude @ChronoReyer I haven't had a lot of luck with Lupus striker, but I have with Barbatos striker",X,,,,,
Annie_Bannany,09:44.0,@ScotsFyre @Loricatus_Lupus @TheMorningSpew Okay cool! It's just that about half of your tweets never show up in my timeline. Like,,x,,,,
Bleuea,08:47.0,Roadtrip 2doctors.,,x,,,,
Guess who has dbl #ear,"&amp; viral  infections, #","migraine AND sun, #lupus rash ... https://t.co/E0DBz82mwF",,X,,,,
ScotsFyre,08:28.0,@Annie_Bannany @Loricatus_Lupus @TheMorningSpew Deleted. It's a complicated org that PAC doesn't cover. Still NOT a disaster relief,x,,,,,
DebbieCulwell,07:59.0,"@IrwinJames327 Thanks, my friend. My parents both passed away in 2014 and I have lupus so it was time. Carpe diem and all that.",,x,,,,
Annie_Bannany,05:43.0,"@ScotsFyre @Loricatus_Lupus @TheMorningSpew Did you delete that tweet, or is twitter screwing with me again?",x,,,,,
energy106fm,01:20.0,Selena Gomez Is Working on a Documentary Highlighting Her Battle With Lupus - https://t.co/WpHzkohuAS,,,,,x,
LupusChickcom,00:22.0,What good was in your day today?,,,,,,
#positivevibes #warrior,#lupus https://t.co/elyg2,K1aVT,,x,,,,
Verosoler13,56:38.0,@selenagomez Riverview High Schools Key club is organizing a 5k/carnival to raise money and awareness for Lupus please contact me i,,,,,x,
Volsicle,54:47.0,"Two more days of lectures, I need to push through the pain and exhaustion of #lupus this week to go it done.",,x,,,,
LolaVSLupus,52:44.0,"Back by popular demand, respect my struggle/ lupus warrior t-shirts. They are men sizing with a high v-neck. The... https://t.co/lz",,,,,x,
indiffrent88,51:50.0,I hate Lupus,,x,,,,
rdaniels1,51:46.0,There is no one test to detect lupus https://t.co/9w6Ww6UZWI,,,,x,,
bhminfo,51:46.0,There is no one test to detect lupus https://t.co/5x0foqFInf,,,,x,,
mysticfly67,51:18.0,@Loricatus_Lupus Oh help!,,X,,,,
felix_desmarais,49:59.0,@its_not_lupus FLAPPY BIRD,x,,,,,
StudiosatPBF,48:09.0,@mnt Lupus: Probiotics could help to reduce kidney inflammation https://t.co/eI41Wz473F,,,,x,,
ThePAcoach,47:53.0,Medical News Update: Medical News Today: Lupus: Probiotics could help to reduce kidney inflammation https://t.co/4XvmpaNVd3,,,,x,x,
OMG_Shes_PRETTy,46:03.0,Doing my research paper on lupus üíú,,x,,,,
KaraStraitUp,44:44.0,"@BLOCKHEADfromTN @DonnieWahlberg Oh my gosh, #Twugs.  My figure skating coach suffered from Lupus when I was young. Sending you str",,x,,,,
Darth_Mommie,40:42.0,@Loricatus_Lupus Sounds about right,x,,,,,
Voythan,39:03.0,Two Barbatos Lupus players at once I'm die https://t.co/zRnlfkBpMw,x,,,,,
TheMorningSpew,36:29.0,@ScotsFyre @Loricatus_Lupus She's a crook.,x,,,,,
KTruebie,36:22.0,Selena Gomez Set To Release Documentary About Health Issues With Lupus https://t.co/K0KpTQmi7d,,,,,x,
fentyfuIs,35:29.0,"Selena gomez has Lupus, she isn‚Äôt faking it. Stop focusing on her 24/7 and let the girl live.",,,,,x,
ScotsFyre,34:55.0,@Loricatus_Lupus @TheMorningSpew Great idea. You need to be a registered charity with an infrastructure to direct donations would b,,,,,x,
mybetterbrain,30:06.0,What is Lupus and Who Gets It?  https://t.co/kM5HrJYRIG,,,,,x,
OfficialQdorm98,26:34.0,@Banks hey banks I just wanted to let you know that my dad has lupus plz pray for him,,x,,,,
Martchelab,24:58.0,@aledoscope @Fenris_Lupus Hanekawa everywhere,x,,,,,
_marsettee,23:06.0,LUPUS YOU WILL NOT WIN !,,x,,,,
BADGAL_UNITED,22:53.0,One of your biggest fans needs your help @TheEllenShow - https://t.co/7wReCyk99l #lupus #lupies #kidneys #autoimmune https://t.co/Y,,,,,x,
GGA_Banchito,22:11.0,"Barbatos and exia have been my go to‚Äôs for now, maybe if I‚Äôll try out Epyon or barbatos lupus when I unlock more strikers",x,,,,,
LisaDlugolecki,21:02.0,National Lupus Awareness Month,,,,,x,
This is not your averag,e breakfast,,,,,,,
#LupusAwareness #childw,ithlupus,,,,,,,
#lupusmeds https://t.co,/QrBWHsYn,,,,,,,
Ashdol94Dolan,17:44.0,I liked a @YouTube video https://t.co/q9bDMBCxfm Selena Gomez Set To Release Documentary About Health Issues With Lupus,,,,,x,
christonyblend,15:50.0,"Physician warns against deadly disease, Lupus https://t.co/XOZqap5NJi",,,,x,,
LisaDlugolecki,15:18.0,@Lupus_Chat Most recently the weight gain consequently from high doses of steroids has left my daughter feeling socially inhibited.,,x,,,,
HolySelegend_,10:34.0,"@britneylovatos Nope babe she recorded a whole album while touring, actually she posted SG2 was coming very SOON but then Lupus hap",,,,,x,
STACKbeezy,08:44.0,"I'll be sharing this a lot. Please come out and support. In @aivycordova's words, let's get lit for lupus!",,,,,x,
,,,,,,,,
P.S. Click the link in,,,,,,,,
atension2living,08:41.0,Mental Health Monday #29: How Lupus Activist Tiffany Peterson Helps Herself While Helpin... https://t.co/ayjk3RY3t3,,,,,x,
icsfitness,05:07.0,A Stress Link to Lupus https://t.co/06hMvDIiv6 #health #fitness,,,,X,,
outlaw__baby,03:42.0,FUCK CANCER .. FUCK LUPUS,,x,,,,
PeterMarinoFit,02:49.0,@mnt Lupus: Probiotics could help to reduce kidney inflammation https://t.co/GUS19gb7mk,,,,x,,
LupusChannel,02:43.0,Healthy bacteria in yogurt may reduce lupus symptoms in mice https://t.co/KxRDgEsvOQ,,,x,x,,
NLOLupus,00:26.0,Did Selena Gomez's kidney transplant announcement help anyone you know to understand more about lupus?,,,,,x,
https://t.co/3PO38YQ2W0,,,,,,,,
NIDDKgov,00:02.0,.@NIH_NIAMS Director Dr. Stephen Katz joins Dr. Rodgers to talk about lupus. https://t.co/6LZgi0OUvp,,,,x,,
sarahhh623,59:40.0,Content then in the same day or week want to kill myself. I never get a break from my head. And the physical &amp; mental pain from,,x,,,,
LupusofNV,58:26.0,"Trauma, and¬†the body‚Äôs stress response, may actually lead to an autoimmune disease. https://t.co/xOGJyze34A via @lupuscorner",,,,x,,
vibewitSly,53:18.0,@_TeeParks my mom got lupus and it‚Äôs really killing her,,x,,,,
LupusDetroit,52:56.0,Shop Amazon? Don't forget to select us as your favorite charity. Lupus Detroit will receive‚Ä¶ https://t.co/HHH0t5mn2b,,,,,x,
TheFoodnatic,51:12.0,"@ladygaga FamiHx with lupus?? EDS, POTS, Chiari, Syringomyelia, Tethered Cord, MS.  It could be any, 2 or 3.  Rheum &amp; Neurosurg",,,,x,,
Only1Shantina_,48:20.0,I am so proud of her! She‚Äôs the strongest person I know! Through all of her chemo and radiation... through her body in pain from,,x,,,,
bleedingears25,47:26.0,"@SP1LL1NGtea @Canadiene_ @PBandJenelley_1 @MTV I have lupus&amp;mixed tissue disease I smoke weed because Percocet,morphine,demerol",,x,,,,
motenotegeri,46:35.0,@Uhuruhsiempre Thank you. I'm good! I have lupus and Fibro but they are nothing compared to that period!,,x,,,,
LupusTreatment,42:13.0,A Natural EFFECTIVE Treatment for #Lupus https://t.co/eJEAB576d6 #LupusErythematosus,,,,x,,
Jacktweet10,41:52.0,Selena Gomez to Showcase Her Struggles with Lupus in New Documentary https://t.co/2bCFoI7TVb¬† #celebrity #gossip https://t.co/UoRb,,,,,x,
Tiff_Caza,3-Oct-17,"If pos serology &amp; pattern c/w lupus on a biopsy (without other organ involvement), could a dx of renal - limited lupus be made?",,,,x,,
ST0RMTR00PERGUY,34:00.0,There's a Barbatos Lupus Rex shirt...oh my lord https://t.co/CddfFrsIaW,x,,,,,
Khedai,32:32.0,Are you ready for the Voices for Lupus Concert 2017?,,,,,x,
BLOCKHEADfromTN,30:48.0,@KaraStraitUp @DonnieWahlberg Thank you. Feeling a little better. Should be better in a few days. Lupus sux!!,,x,,,,
bayleearledge,30:30.0,"@churchofdemi Whether I used the correct term or not, Selena didnt want 2 have lupus, and just bc u dont like her doesnt mean you s",,x,,,,
_CrazyWonderful,29:05.0,https://t.co/Y6KZtcqSFb  has a new post! Finding the positive when dealing with #chronicpain.... #blogger #lupus #spoonie,,,,x,,
desroundtree,26:52.0,Accountable. #NighttimeMeds #TakeYourNighttimeMeds #Lupus‚Ä¶ https://t.co/tpbX7UPJmv,,,,x,,
kellybergin,04:20.0,"FB friend says he notices I disparage conservatives. Yeah, I fucking hope so. GET OFF MY LAWN (oh he follows me because his wife ha",x,,,,,
JACB566,03:43.0,"@RepTrentFranks And birth to 100 yr olds don‚Äôt ???? When u want to take healthcare away from those suffering from cancer , ALS, M",,x,,,,
VittoriaMirand1,03:36.0,Help out! Give to Cohabitating with Lupus https://t.co/Ap2zTE6RCF. Raise funds on @generosity #lupus #strongwoman #operasinger,,,,,x,
danielnisnisan_,01:26.0,@angeIicca thats so stupiiid. you cant just change your race bc u felt like it. and mj has vitiligo and lupus right ?,,x,,,,
LAlupusLady,55:05.0,"#Lupus pain today is acting like ""Regina George""",,x,,,,
it's #MeanGirlsDay and,international #LupusAwaren,essMonth https://t.co/Gjdbv4ZXMT,,,,,x,
UnrealAllan,52:25.0,@molratty @Loricatus_Lupus I‚Äôd love to have an army of forensic accountants tackle their books.,x,,,,,
molratty,51:37.0,@UnrealAllan @Loricatus_Lupus That's a healthy $450/abortion profit. Like 500% profit.,x,,,,,
UnrealAllan,49:27.0,"@molratty @Loricatus_Lupus At 90¬¢ per abortion, it effectively measures as zero to their profits of death.",x,,,,,
WhatsLeftOfTheD,47:41.0,Virginia Tech study finds that healthy bacteria in yogurt may reduce lupus symptoms in mice  -BIOENGINEER.ORG https://t.co/1MSiOk4u,,,,x,,
Artistlike,47:41.0,"@LymeFeiten @DrCelineThum @danaparish In fact, as with lupus, various tests can assist in making differential diagnosis between Lym",,,,x,,
astldbyash,45:10.0,i need a purple bomber i have these cute patches my mother's friend gave me during lupus awareness month and i have yet to use them,,x,,,,
Artistlike,42:15.0,Progressive Lyme *can be* similar to lupus both symptomatically and in testing.,,,,x,,
@LymeFeiten @DrCelineTh,um @danaparish https://t.c,o/,,,,,,
beataproduction,41:38.0,@frference How Lupus Changed Flannery O&amp;#8217;Connor&amp;#8217;s Writing and Took Her Life https://t.co/iQ0nxdJUDk #NCRegister,,,,,x,
CoraAnneJohnson,37:35.0,Just posted a video @ The Lupus 365 Foundation for Hope https://t.co/eeMMfnhpMM,,,,,x,
VinylComedy,36:10.0,"@DC_Douglas you have no idea how much of a gundam fan I am, I have both Barbatos and Barbatos Lupus SD kits",x,,,,,
PopMusicFeed,32:19.0,Selena Gomez to Showcase Her Struggles with Lupus in New Documentary: https://t.co/jRYka05R0x,,,,,x,
LupusFFF,30:18.0,Lupus Friends and Family Foundation sendds prayer &amp; love to #LasVegas #lupusfff #lupus‚Ä¶ https://t.co/eUgt4fALJZ,,x,,,,
PraiseBeToKaty,30:17.0,‚Ä¢ No she didn't,,,,,,
‚Ä¢This is a post about,terrorist a terrorist att,ack,,,,,,
‚Ä¢Lupus https://t.co/z,WLjnls3zg,,,,,,,
Cristina52814,28:36.0,Living with this condition is hard. Knowing your mother passed having ms and your sister gets diagnosed with lupus and raynauds dis,,x,,,,
msu_ascend,24:24.0,"On Saturday, the Student Research Center participated in the Baltimore Walk to End Lupus Now! Check out these... https://t.co/HrXOl",,,,,x,
LuisZuritaG,23:59.0,"Great article: After 4 Decades of Lupus Nephritis Trials, Is There a ""Best"" Therapy? https://t.co/5w1WK3wmwr #ReadByQxMD",,,,x,,
jasonbell37,22:40.0,@DanyAllStar15 Heater! WTF is up with Lupus failing another medical? Still has a case of the magic nose goblins?,x,,,,,
ZatannaCanary,22:15.0,@ShadowTodd I'm pretty sure it was lupus. It's always lupus.,x,,,,,
FinallyFiled,21:43.0,@Rossco006 @seastarbatita Oddly enough i dont get the usual sick. But i have this lupus thingy,,x,,,,
thefox_metro,18:44.0,"Physician warns against deadly disease,¬†Lupus https://t.co/ogUQSVjgxh https://t.co/vwmGDlAeWt",,,,x,,
thefoxmetro_com,18:40.0,"Physician warns against deadly disease,¬†Lupus https://t.co/QAJxncrFpn https://t.co/tpetlJXPMM",,,,x,,
luiznation,18:36.0,"Physician warns against deadly disease,¬†Lupus https://t.co/lJpJVZ0zwE https://t.co/g1g0hoGGp1",,,,x,,
proud9jababe,18:32.0,"Physician warns against deadly disease,¬†Lupus https://t.co/rjg0fmcwvi https://t.co/xZyzKQoczL",,,,x,,
illuminaija_com,18:28.0,"Physician warns against deadly disease,¬†Lupus https://t.co/Q6EDzvVEzs https://t.co/E3ghOegFmC",,,,x,,
illuminaija,18:25.0,"Physician warns against deadly disease,¬†Lupus https://t.co/phZqYStB7u https://t.co/I2wWEBJupO",,,,x,,
SG_Source17,17:18.0,We will get Footages that were filmed for the #RevivalTour Documentary in the upcoming Documentary about Selena dealing with Lupus,,,,,x,
UsTeenChanel,16:34.0,Selena Gomez to Showcase Her Struggles with Lupus in New Documentary https://t.co/Yhiad9WOho,,,,,x,
celebnews1456,16:30.0,Selena Gomez to Showcase Her Struggles with Lupus in New Documentary https://t.co/jWZGHbddTV #celebrity #gossip,,,,,x,
IAmASelenator92,15:25.0,I liked a @YouTube video https://t.co/zwdtYuMf21 Selena Gomez Set To Release Documentary About Health Issues With Lupus,,,,,x,
SelenaSourceTO,15:03.0,Selena Gomez is working on a documentary on her ongoing battle with Lupus! üòçüëèüèº https://t.co/CwbjtzC8x6,,,,,x,
CelebNewsFast,14:14.0,Selena Gomez to Showcase Her Struggles with Lupus in New Documentary https://t.co/FC5DX9dBgl #celebrity #gossip,,,,,x,
IslandInDesert,13:50.0,Lupus: Probiotics could help to reduce kidney inflammation https://t.co/zaueWFyqfX,,,,x,,
RalphTurchiano,10:09.0,Virginia Tech study finds that healthy bacteria in yogurt may reduce lupus symptoms in¬†mice https://t.co/0iVaT75w0x https://t.co/5,,,x,,,
booblenalikesxo,08:46.0,"@gomeztobutera I don't think Selena's resting anymore...movie, new song + mv, Puma, wotking on the movie script with Petra, the lup",,,,,,
MonsterFunder,05:10.0,Lupus Treatment For Rachel Cagle https://t.co/HQreOxYzv0 @rachelbrewton1 https://t.co/WakXbuPEq8,,,,x,,
MonsterFunders,05:09.0,Lupus Treatment For Rachel Cagle https://t.co/9iMQE2xeyO @rachelbrewton1 https://t.co/M6OITdydAM,,,,x,,
Campuslately,05:00.0,GO PURPLE: 18-Year-Old Lupus Warrior Tanisha Edwards Helps Raise Awareness For Those Figh https://t.co/LDEcH8JQvP https://t.co/Rzgw,x,,,,,
NIDDKgov,00:49.0,#TriviaTuesday Up to 60% of people with #lupus are diagnosed with lupus nephritis https://t.co/PqnPozvLcj https://t.co/oTeiQASPzr,,,,x,,
LupusChickcom,00:47.0,Which #Lupus symptom describes what you're feeling today?,,x,,,,
#chronicillness #spooni,e https://t.co/ZgErqxbq5h,,,,,,,
kidneyontario,00:34.0,#DYK #lupus can affect people and children of all ages &amp; the cause is still not clear #ChildHealthDay https://t.co/6C65zuBDfc h,,,,x,,
ele777_,00:25.0,@MJJLegion Very few people knew that he suffered from Lupus as well... üòî,,x,,,,
preventandcure,59:05.0,Medical News Today: Lupus: Probiotics could help to reduce kidney inflammation https://t.co/0oLSlkFUZO https://t.co/GqT24DL27a,,,x,x,,
theGeneusLife,59:02.0,I liked a @YouTube video https://t.co/LujDq06VVp DID VEGAN FOOD CURE MY LUPUS? | Autoimmune Disease UPDATE,,,x,x,,
YSHomes,55:59.0,#Lupus Strong my Moto now feeling even stronger thanks to Salema Gomez bringing light to‚Ä¶ https://t.co/dzeDxYRZ1K,,x,,,,
AnnKateri04,53:28.0,"@Loricatus_Lupus Yes, we're going forward with it but it will take longer. We're hoping to be done in 8 mos or a year,",,x,,,,
Dianne_Weston,50:15.0,Did Gina Yashere have a KIDNEY TRANSPLANT recently because of her lupus?  - so the raw food diet did not work!?,,,x,x,,
3rdquartermoon,46:17.0,@iampsymin Me too I have lupus. A 40 hour week kills me at maximum performance.,,x,,,,
_CrazyWonderful,46:09.0,Living with #Lupus is NOT easy but there is a silver-lining.  #bloggerblast @FemaleBloggerRT #positive #inspire https://t.co/0t1l37,,x,,,,
ZahRicco,44:36.0,"I'm a hormonal woman with Lupus, my cravings are not expected to make sense üòê",,x,,,,
taehjk,44:21.0,i havent read you belong with me djdjj i‚Äôve been so busy i havent read anything lately except that new lupus tales update,x,,,,,
pinebeltderm,43:56.0,#LupusAwarenessMonth Check out one of our provider's take on cutaneous Lupus: https://t.co/sEPxRgNY90 https://t.co/gy8ZRwkfpz,,,,,x,
beataproduction,43:23.0,@JamesMartinSJ How Lupus Changed Flannery O&amp;#8217;Connor&amp;#8217;s Writing and Took Her Life https://t.co/iQ0nxdJUDk #NCRegis,,,,,x,
beataproduction,42:25.0,@LupusOrg How Lupus Changed Flannery O&amp;#8217;Connor&amp;#8217;s Writing and Took Her Life https://t.co/iQ0nxdJUDk #NCRegister,,,,,x,
InetF,36:56.0,@SmithtonM @Jdoering1945Sr @Loricatus_Lupus @KAFosterSowell I don‚Äôt know Sis..but watch out!  He‚Äôs got 7 followers! üòÇüòÇüò,x,,,,,
asawalha,31:15.0,EZH2 inhibitors are in clinical trials in lymphoma. Our data suggest we should explore repurposing for #lupus #SLE https://t.co/AnB,,,,x,,
CureTheSeedyC,30:24.0,#CureTheSeedyC #Lupus #Lyme #ALS #MS #FM #JA the many other #anomalous #disease and #autoimmune #disorder,,,,x,,
AyahsHope,28:25.0,@BunnyDarkness Doing great! It's been beautiful out here. Perfect temps for lupus. Pushing to make what used to seem impossible pos,,x,,,,
AMyarick,26:00.0,I just earned a new badge for the 26th Annual Lupus Loop!  https://t.co/EuDYAj1Nqk,,x,,,,
WigginAndrew,15:04.0,"ShareTweet Over the last two years, Selena Gomez has been pretty open with fans about her battle with lupus, and... https://t.co/8e",,,,,x,
AADskin,15:03.0,October is #LupusAwarenessMonth. Learn how the disease can affect the skin and find tips for reducing flares: https://t.co/UFl4lr2u,,,,x,,
Daurmith,12:09.0,@Frunkfunkhouser Still not lupus.,x,,,,,
adoregomez,10:20.0,selena's working on a documentary about her dealing with lupus i swear to god im gonna cry oceans watching it üò≠,,,,,x,
SelenaMusicInfo,10:06.0,Her Album Will Have a Song About Her Lupus and its Not Totem #SG2,,,,,x,
jaydaniel__,08:44.0,"@honeynutarii @CarterCambio @shadeofsmg @nadyaaaysha oh i don‚Äôt know maybe because she hasn‚Äôt released any music, hasn‚Äôt perf",x,,,,,
OnlineGomezS,08:13.0,Yess were getting a selena documentary about her lupus can‚Äôt wait,,,,,x,
structuregeek,02:00.0,"Had my first lupus/arthritis-related fall today. No real injury, except to my self-image. (Am prone to catastrophizing.)",,x,,,,
Lizzs_Lockeroom,01:54.0,"@frankieciv608 No two cases of Lupus are exactly the same, each year something new happens to my body, but I'll continue to fight a",,x,,,,
LupusResearch,01:07.0,Want general information about #lupus to share with family &amp; friends? Mack the Molecule is here to help: https://t.co/x0esZcU4C,,,,x,,
FanDuel,00:03.0,Help us fight Lupus by playing #DFS! We're donating ALL entry fees to aid @LupusResearch. üí™,,,,,x,
,,,,,,,,
Learn more here: https:,//t.co/yPM9G,,,,,,,
churchofdemi,59:48.0,@bayleearledge Lupus is not cancer. Cancer is a mutation of cells that create growths. Lupus is where cells attack themselves. Its,,,,x,,
sarah052794,59:43.0,Selena Gomez Set To Release Documentary About Health Issues With Lupus https://t.co/imzCJBqzsy via @YouTube,,,,,x,
bayleearledge,58:46.0,@churchofdemi lupus is an incurable cancer and mental health issues can be fixed. But the point is that shaming ppl bc of their pro,,x,,,,
SelenaNewsX,57:49.0,Selena Gomez Is Working on a Documentary Highlighting Her Battle With Lupus (EXCLUSIVE) https://t.co/LcmeAB93fd,,,,,x,
Lizzs_Lockeroom,56:36.0,"@frankieciv608 they just approved the 1st drug for Lupus about 3 years ago,every case is different, literally. This site is helpful",,,,x,,
obviously_kay,56:12.0,@taeiae the one where tae moves back to the farm and he meets lupus!jeongguk bc if so LeT mE teLL yOu,x,,,,,
SmithtonM,55:19.0,"@Jdoering1945Sr @Loricatus_Lupus @KAFosterSowell @InetF Who asked the gray dot to open his yap, useless",x,,,,,
laurent124,55:18.0,selena is sharing her lupus journey in a documentaryüò©üò© im gonna be a mess,,,,,x,
selenaspuma,45:59.0,Me after one second of watching Selena‚Äôs documentary about her Lupus https://t.co/U2re0TFsXc,,x,,,,
frankieciv608,45:27.0,@Lizzs_Lockeroom yeh.. Hey to change this convo just for a moment and if it is a sore spot I understand.. I have been learning and,x,,,,,
_kweenT,41:28.0,pray for my lil lupus warrior please üíú man I wish I was home right now..,,x,,,,
livingforbalor,39:12.0,"She most probably take medication for her lupus, do your research little girl https://t.co/5iPWgX39qK",,x,,,,
Jdoering1945Sr,39:11.0,@SmithtonM @KAFosterSowell @Loricatus_Lupus @InetF Smart woman its Jerry DH Browns heaven.,x,,,,,
Jdoering1945Sr,38:15.0,@SmithtonM @Loricatus_Lupus @KAFosterSowell @InetF Whats your point? Oh ya you dont have one.,x,,,,,
LupusTreatment,37:03.0,"In the 18th century, when #lupus was just starting to be recognized as a disease, it was thought that it was caused by a wolf's bit",,,,x,,
BrayBarakat,24:19.0,https://t.co/RzLU5rrZf1 Gomez Opens Up About Fighting Lupus,,,,,x,
üò≠üòÇüòÇ,,,,,,,,
custodibus,22:45.0,For the Record - Lupus Foundation of America by Family Stations Public Af https://t.co/USbQimpo08,,,,,x,
seawall,17:44.0,@its_not_lupus @verslibre I got one too!!! https://t.co/vE8OufKf9N,x,,,,,
GboruM,14:45.0,"Physician warns against deadly disease, Lupus https://t.co/8rH7D7B8Ab",,,,x,,
BrayBarakat,13:23.0,"https://t.co/SpGcAHObg6 Gomez Talks Lupus, Body Shaming, Boyfriends &amp; Taylor Swift With The Ellen DeGeneres Show",,,,,x,
Kristi0729,11:45.0,@Loricatus_Lupus @Mel_lific You really do bring all the good news she was looking for!,x,,,,,
MariaBlancas08,10:58.0,I liked a @YouTube video https://t.co/82Bb0dQTXX Selena Gomez Set To Release Documentary About Health Issues With Lupus,,,,,x,
Dollyyymangoo,09:43.0,I know this was about the lupus walk but your baby's ponytailsüòçüòçüòç https://t.co/OZWvc4zOBn,,x,,,,
BrayBarakat,09:25.0,"Selena Gomez Talks Lupus, Body Shaming, Boyfriends &amp; Taylor Swift With The Ellen DeGeneres Show--https://t.co/UbiF9pay3w",,,,,x,
leadphysicians,09:22.0,Lupus: Probiotics could help to reduce kidney inflammation https://t.co/k5poYX1jdd,,,x,x,,
MakeAWishTCO,05:02.0,Arvin lives with #lupus &amp; his wish to meet @demar_derozan of the @Raptors was granted in 2016. #LupusAwarenessMonth https://t.c,x,,,,,
Mistergerbit,02:06.0,@SG_Predictions With history you mean documentary ? bc i heard something about selena is doing a documetary about lupus,,,,,x,
taeiae,01:59.0,im starting the lupus tales https://t.co/OpNib6dpQH,x,,,,,
RheumAdvisor,01:08.0,The CLSP examined the burden of #lupus in various minority populations https://t.co/vNB9oHAbSw,,,,x,,
WellesbourneGPs,01:03.0,Dear Wellesbourne Patients #Health News from the USA Medical News Today: Lupus: Probiotics could help to reduce... https://t.co/lxv,,,x,x,,
974RockFM,01:02.0,.@selenagomez suffers from Lupus https://t.co/Bt1Ek3zAYv,,,,x,,
hallamfm,01:02.0,.@selenagomez suffers from Lupus https://t.co/Hh6Bn8Cjrt,,,,x,,
heatradio,01:02.0,.@selenagomez suffers from Lupus https://t.co/I8mQLPzPoI,,,,x,,
RadioBorders,01:02.0,.@selenagomez suffers from Lupus https://t.co/s8OVaDe2rK,,,,x,,
RadioCity967,01:02.0,.@selenagomez suffers from Lupus https://t.co/931nzpc4uq,,,,x,,
VikingFM,01:02.0,.@selenagomez suffers from Lupus https://t.co/JgsRnE7YbQ,,,,x,,
TFMradio,01:02.0,.@selenagomez suffers from Lupus https://t.co/Vtma3LSpRa,,,,x,,
WestFM,01:02.0,.@selenagomez suffers from Lupus https://t.co/8FfNnkByIb,,,,x,,
tayfm,01:02.0,.@selenagomez suffers from Lupus https://t.co/ryFgycGDoe,,,,x,,
radioaire,01:01.0,.@selenagomez suffers from Lupus https://t.co/XKV5VC690I,,,,x,,
northsound1,01:01.0,.@selenagomez suffers from Lupus https://t.co/aYULrHV1OP,,,,x,,
MorayFirthRadio,01:01.0,.@selenagomez suffers from Lupus https://t.co/Gnksldyz47,,,,x,,
metroradiouk,01:01.0,.@selenagomez suffers from Lupus https://t.co/8rhA2IrtOe,,,,x,,
KEY103,01:01.0,.@selenagomez suffers from Lupus https://t.co/CXwkEXN6Bq,,,,x,,
forthone,01:01.0,.@selenagomez suffers from Lupus https://t.co/Z0VPRYwwXA,,,,x,,
1025Clyde1,01:01.0,.@selenagomez suffers from Lupus https://t.co/89H0yfrENg,,,,x,,
cfmradio,01:01.0,.@selenagomez suffers from Lupus https://t.co/IplpC83wn6,,,,x,,
NIDDKgov,00:40.0,#DidYouKnow that African American women are at increased risk for #lupus? Learn more: https://t.co/6iAoCPyF4S https://t.co/Ib5Ex6dD,,,,x,,
LRSrecycles,00:21.0,There‚Äôs still time to enter the Lupus raffle by donating to Lakeshore‚Äôs team page! Donate here! https://t.co/M3BDUDVM0P https:/,,,,,x,
aeon_wellbeing,00:12.0,Mouse data links microbiome changes to lupus severity and complications #Nutrition https://t.co/cCsseumtyq,,,x,x,,
ObrienRoxie,56:43.0,"@wwwbigbaldhead Please follow me.Going to WalkerStalker in NJ,don‚Äôt have money to meet you.I have Lupus affecting my heartand bra",,x,,,,
Kristi0729,54:39.0,@Loricatus_Lupus @Mel_lific How many days would my mouth stay black after this frosting?,,,,x,,
Katia_2022,50:06.0,Selena Gomez Set To Release Documentary About Health Issues With Lupus https://t.co/Bdkn4tmGhj,,,,,x,
HolyOrderShar,45:06.0,"@LuminAbyssUNI Banshee/Lupus/Epyon strikers are nice to combo into to force 2v1s, some Gerobi ones like Kyshatria (sp) are good too",x,,,,,
BettieCouson,44:16.0,Lupus Flare - Hi how are you doing? Miss me?,,x,,,,
Me - No!,,,,,,,,
Lupus Flare - Well toug,h I am here to stay üòÇü,òÇüòÇ,,,,,,
netweightloss,44:07.0,Medical News Today: Lupus: Probiotics could help to reduce kidney inflammation https://t.co/S3cDFEuwe5 #Lupus #health https://t.co/,,,x,x,,
GboruM,41:30.0,"Physician warns against deadly disease, #Lupus https://t.co/zjVfW9fu5g https://t.co/8rH7D7B8Ab #health #newsupdate #draminadorayi",,,,x,,
NursingResource,39:24.0,Medical News Today: Lupus: Probiotics could help to reduce kidney inflammation - https://t.co/oIOUT0SnMk,,,x,x,,
Verosoler13,37:04.0,@selenagomez Riverview High Schools key club is having a 5k/carnival to raise money and awareness for Lupus please contact me if yo,,,,,x,
LupusTreatment,37:03.0,"Eliminate your #Lupus symptoms, get your life back and age peacefully https://t.co/eJEAB576d6 #EndLupus",,,,,x,
suzan189,33:35.0,"I know what Megan uh, I mean Cassandra has.... Lupus.  #GH",,x,,,,
bgpvideo,33:18.0,"Probiotics could help to reduce kidney inflammation for people with Lupus, reports the journal Microbiome. https://t.co/D2Gf9UYLIU",,,,x,,
jinhays,33:13.0,"Jeannette‚Äôs Fight Like a Girl Story (Lupus, Ankylosing Spondylitis, Psoriatic Arthritis) via @fightlikeagirlc https://t.co/nznoed",,,,,x,
grapeblossomm,33:08.0,So I hope someone watches these and is a bit more considerate when they meet someone with lupus life is hard for us,,x,,,,
TaylerDukes,33:06.0,Selena Gomez Set To Release Documentary About Health Issues With Lupus https://t.co/gZ1z13maj4 via @YouTube,,,,,x,
TaylerDukes,32:04.0,I liked a @YouTube video https://t.co/mSeokkgKom Selena Gomez Set To Release Documentary About Health Issues With Lupus,,,,,x,
tj_radway,30:58.0,I liked a @YouTube video https://t.co/VsGYrgik1P Selena Gomez Set To Release Documentary About Health Issues With Lupus,,,,,x,
grapeblossomm,29:45.0,"I know no one cares but I still want to show it, this one is an explanation of what lupus is https://t.co/ZghDkk86qA",,x,,,,
grapeblossomm,28:37.0,"Since I suffer from lupus and a lot of people don‚Äôt know what it is, i want to share some videos so people can understand me a li",,x,,,,
ClevverTV,26:42.0,Selena Gomez Set To Release Documentary About Health Issues With Lupus: https://t.co/tBThrJYPoN via @YouTube,,,,,x,
Xaniatube,25:18.0,Selena Gomez Set To Release Documentary About Health Issues With Lupus - https://t.co/hH7USsYajg #XaniaTube,,,,,x,
triciamante,24:16.0,The disorientation I get from my Lupus is no joke smh,,x,,,,
Uniquely_Poised,23:49.0,Was diagnosed in 1998 had the butterfly rash on my face #Lupus the Never Know Disease cause each day is different..üòî https://t.c,,x,,,,
verslibre,23:17.0,"@its_not_lupus Oh well, living in squalor is good for everyone's immunity",x,,,,,
Ginapeno,22:41.0,"@Loricatus_Lupus @pete_forcelli3 @BreitbartNews 22,000 people were down there.  So sad.",x,,,,,
EMJAllergy,21:33.0,Lupus: Probiotics could help to reduce kidney inflammation https://t.co/hjB0PsVsRZ #Immunology #News,,,x,x,,
ItsGokuSosa,21:05.0,Gluten gives you lupus,,,,x,,
verslibre,20:10.0,@its_not_lupus Tell me about it...I am meant to be doing some baking. Ha ha ha ha ha x forever...nope,x,,,,,
NutritionFAQ,19:33.0,Lupus: Probiotics could help to reduce kidney inflammation: Researchers suggest that women‚Ä¶ https://t.co/gyUVJK5kr6,,,x,x,,
StephenEvans256,19:11.0,Good luck to @Dunston18 as he goes off to climb Everest for Lupus UK. https://t.co/a2QnQM9mdY,,,,,,x
NigeriaDaiily,18:34.0,"""Physician warns against deadly disease, Lupus"" https://t.co/lLvId47pZK",,,,x,x,
teamhylandREMAX,17:59.0,Looking forward to 10th Annual Lupus Grand Prix @LupusGP on Oct 14th.  Fundraising has begun. Care to Donate? https://t.co/cbZQjV9N,,,,,,x
bishoppp__,17:42.0,A blog post about my recent bout of insomnia. #lupus #spoonie üíúhttps://t.co/t53dmKKAbF,,,,x,,
verslibre,16:24.0,@its_not_lupus GET. OUT. You're an impossible role model right now,x,,,,,
NaijaNewsPapers,16:15.0,"[News Update] Physician warns against deadly disease, Lupus https://t.co/nnIMbDvzAt | Buy Industrial Supplies at https://t.co/dk4EI",,,,x,,
WarpUnited,15:43.0,Warp United Medical News today https://t.co/LoBNXmmeZU Medical News Today: Lupus: Probiotics could help to redu... https://t.co/Iro,,,,x,,
isabellabaker51,14:34.0,"What Is My Life Expectancy If I Have Lupus ‚Ä¶ : https://t.co/1ibNO1OzIE ,,,,",,x,,,,
verslibre,14:19.0,"@its_not_lupus Yeah, I need my people!",x,,,,,
imlycia,13:55.0,Selena Gomez Is Working on a Documentary Highlighting Her Battle With Lupus (EXCLUSIVE)  https://t.co/6ChZYvYWfv,,,,,,x
churchofdemi,11:50.0,"However mental illness you cannot, we suffer with mental illness. And also pretending its cancer and then saying its lupus. Sel can",,,,,,x
AnimeLover_569,11:26.0,Name:Garu Del Lupus/Gabe,,x,,,,
Age:18,,,,,,,,
Species:wolf alien,,,,,,,,
Love interest:N/A,,,,,,,,
#FANFICNOTREALSHOW(read,the hashtag) https://t.co,/pNaUXtwEBW,,,,,,
churchofdemi,10:44.0,"Nah nah you delete your account. We understand peoples struggles, Selene can be sucessfully treated and keep lupus at bay 1/2 https",,x,,,,
obsrvtr_obesite,10:19.0,"Top story: Lupus: Probiotics could help to reduce kidney inflammation https://t.co/JFj6zcuRGL, see more https://t.co/tj2WU4CtDs",,,x,x,,
kkmaggon,09:29.0,Manifestations of lupus in the kidney and how to manage them | Nephrology Dialysis Transplantation ... | @scoopit https://t.co/VAaP,,,,x,,
stelmarkmed,09:04.0,Medical News Today: Lupus: Probiotics could help to reduce kidney inflammation https://t.co/2FygZJtkZs @stelmarkmed https://t.co/uG,,,x,x,,
davidfirn,07:26.0,If I was a lone wolf* I'd be having a word with my libel lawyers.,x,,,,,
*Canis lupus. https://t,.co/6geKBgpKru,,,,,,,
lupusnewstoday,05:18.0,Autoinjector for At-home Use of Benlysta Favored by Lupus Patients in Small¬†Study https://t.co/2mLpWZNElE https://t.co/upBruPVqQB,,,,x,,
kakeenan,01:22.0,@Loricatus_Lupus @CollinRugg And he likes burritos.,x,,,,,
thehitsofficial,01:01.0,.@selenagomez suffers from Lupus https://t.co/ufV9Gjq2sL,,,,,x,
Mudro_Mudo,58:40.0,"@lupus_in_fibula Ko jebe druge, I am the best who... the rest!!!",x,,,,,
kkmaggon,58:18.0,Manifestations of lupus in the kidney and how to manage them | Nephrology Dialysis Transplantation ... | @scoopit https://t.co/LwUO,,,,x,,
RennaW,55:30.0,@Loricatus_Lupus @indyrallen I don't trust any of them but Lovey.,x,,,,,
Kenza_Norma94,54:13.0,y'all bitches claiming she faking her lupus are finally gonne stfu and let her show us how everything happened,,x,,,,
CreoleBabyBritt,52:59.0,@surseoir I've been using these products for about three weeks now and my skin feels really soft. I suffer from discoid lupus and m,,x,,,,
medical_tweets,52:06.0,Medical News Today: Lupus: Probiotics could help to reduce kidney inflammation: Researchers suggest that women with‚Ä¶ https://t.co,,,x,x,,
MarcoHaamans,50:20.0,#ThisIsLupus #LupusAwarenessMonth #Lupuschat #LupusEurope WE NEED MORE #LupusResearch WorldWide to Solve the Cruel Mistery #Lupus‚ú,,,,,x,
SelenasSource,49:12.0,Selena has been working on a documentary about her experience and struggles with Lupus.,,,,,x,
selenagomezpix1,48:57.0,Selena Gomez Is Working on a Documentary Highlighting Her Battle With Lupus (EXCLUSIVE) - In Touch‚Ä¶ https://t.co/4M2maC8kCu #Sele,,,,,x,
supdicklips,46:09.0,of course lupus is there lmfaoooo https://t.co/JVlmxMRFiT,x,,,,,
GutMicrobiotaWW,45:15.0,Study shows #healthybacteria in yogurt might reduce disease symptoms in certain patients with #lupus https://t.co/2mJTRrZh4R @VaMdV,,,x,x,,
health_tweets,44:05.0,Medical News Today: Lupus: Probiotics could help to reduce kidney inflammation: Researchers suggest that women with‚Ä¶ https://t.co,,,x,x,,
DWUW0,43:08.0,@Velv3tRope Illness jokes are not alright‚ò°‚ö†‚ò°‚ö†‚ò°,,,,,,
‚ö†Someone get his ass,he's joking about lupus ‚ö,†,,,,,,
AntibodyNews,42:15.0,#antibodies Comment on Autoantibodies to doublestranded DNA as biomarker in systemic lupus erythematosus comparison‚Ä¶ https://t.co,,,,,,
bionewsservices,42:06.0,7 Lupus Symptoms That Commonly Affect¬†Children https://t.co/yixHh21tkh https://t.co/Woimgbp4H0,,,,,,
FOTPFeed,40:03.0,Selena Gomez is working on a documentary about her lupus | https://t.co/WhR2rlOcCv https://t.co/4fHNfSPd3I,,,,,,
LupusTreatment,37:05.0,#Lupus is Latin for wolf.,,,,,,
beataproduction,36:09.0,How Lupus Changed Flannery O‚ÄôConnor‚Äôs Writing and Took Her Life https://t.co/4zeHX9PV6r,,,,,,
Kimlatt89,35:15.0,@lupus_creepus I miss you guys! I can't wait for new videos!üòä,,,,,,
JustMedNews,35:07.0,Medical News Today: Lupus: Probiotics could help to reduce kidney inflammation https://t.co/eLgIWBT8GQ,,,,,,
menhavlupus,34:12.0,#fibromyalgia can run hand and hand with #lupus. #rheumatologist #Doctors know to look and ask‚Ä¶ https://t.co/lNa4oK6SyQ,,,,,,
Trouble_Walkin,33:46.0,Never judge people by the color of their skin.,,,,,,
,,,,,,,,
Unless its a flesh eati,ng virus.,,,,,,,
,,,,,,,,
Or gangrene,,,,,,,,
,,,,,,,,
Or lupus.,,,,,,,,
,,,,,,,,
Never mind.,,,,,,,,
Ginapeno,33:25.0,@Loricatus_Lupus @pete_forcelli3 @BreitbartNews With a silencer 400 yards and 32 floors up. How do you think that sounded on the gr,,,,,,
gi_rafferty,32:34.0,@Loricatus_Lupus So it does ! Pretty,,,,,,
cheapdrugdeals,31:54.0,Medical News Today: #Lupus: Probiotics could help to reduce kidney inflammation https://t.co/PRtimVO74P,,,,,,
TheNationNews,31:29.0,"Physician warns against deadly disease, Lupus https://t.co/tUmoXrEX1S https://t.co/gcs1bV6sKh",,,,,,
davidblawal,31:29.0,"Physician warns against deadly disease, Lupus https://t.co/QANu7UOBf9 https://t.co/6LkNfTNuxp",,,,,,
melariffic,31:18.0,Good meeting today about returning to work üôåüèª taking a step back is always ok as long as you plan to move forward again #lupu,,,,,,
2premshakya,31:06.0,Lupus: Probiotics could help to reduce kidney inflammation https://t.co/g8oV63fb7w | Medical News Today: Lupus: Probiotics could he,,,,,,
kinetonsurgery,30:54.0,#Health News from the USA courtesy of Medical News Today: Lupus: Probiotics could help to reduce kidney inflamm... https://t.co/J5B,,,,,,
LupusChickcom,29:55.0,"@TheRock Can you send an L sign back to support our #lupuschick community,  a 1/2 million people strong? ‚ô° your biggest #ballers",,,,,,
gi_rafferty,28:41.0,@Loricatus_Lupus The brown tweed - fishermen here always wear brown tweed,,,,,,
JacquelineHWrit,28:09.0,Medical News Today: Lupus: Probiotics could help to reduce kidney inflammation https://t.co/AbLMU9ttzT #knowledgeispower #ACA https,,,,,,
ChpHealthcare,28:09.0,Medical News Today: Lupus: Probiotics could help to reduce kidney inflammation https://t.co/v8TzXORCIC https://t.co/qwmuwCSiRm,,,,,,
Scott_Filler,27:17.0,Medical News Today: Lupus: Probiotics could help to reduce kidney inflammation https://t.co/LdSDmoiwIv,,,,,,
TripleEMedical,26:04.0,Medical News Today: Lupus: Probiotics could help to reduce kidney inflammation  https://t.co/K3zCfrLTNv,,,,,,
RollatorsWalker,24:23.0,Medical News Today: Lupus: Probiotics could help to reduce kidney inflammation https://t.co/JnBiqVKHZk,,,,,,
ShmupusMiss,23:56.0,@badgrammer @eehouls One of my relatives told me that going gluten free cures lupus,,,,,,
eHealthyDaily,23:30.0,Medical News Today: Lupus: Probiotics could help to reduce kidney inflammation Researchers suggest that women with‚Ä¶ https://t.co/,,,,,,
LupusConquerors,22:36.0,People with lupus are more vulnerable to infection because both the disease and its treatments weaken the immune system.,,,,,,
RollatorsWalker,20:59.0,Medical News Today: Lupus: Probiotics could help to reduce kidney inflammation https://t.co/F7EyfD9HtQ,,,,,,
avanfitness,20:52.0,Lupus: Probiotics could help to reduce kidney inflammation https://t.co/jrS1t06NGh,,,,,,
aliceinfemme,20:26.0,@thejaredgrey Would you hold it against people if those people decided lupus should be left untreated? Or that lupus meant you were,,,,,,
dietsdietsdiets,19:22.0,Lupus: Probiotics could help to reduce kidney inflammation https://t.co/McYag080pz https://t.co/0kfGcRfa3c,,,,,,
Paul_R_Elie,18:03.0,"Think a coupla hours a day isn't enough fo you to write? It was enough for Flannery O'Connor, living w lupus. Story: https://t.co/1",,,,,,
GomezIsland,17:09.0,Selena is apparently working on a documentary highlighting her battle with Lupus. https://t.co/RSDD4ajH2j,,,,,,
PPatch_Info,16:31.0,#vaccines Lupus: Probiotics could help to reduce kidney inflammation https://t.co/MOjvwuSKLF,,,,,,
dralmiller,15:58.0,@DrCelineThum Every manifestation of Lupus and every laboratory abnormality of Lupus may appear with Lyme Disease. All Lupus pts. m,,,,,,
ashLP7,15:38.0,#nutrition #health Lupus: Probiotics could help to reduce kidney inflammation https://t.co/8m0eJfuOZ4,,,,,,
MBHolistic,15:10.0,Lupus: Probiotics could help to reduce kidney inflammation https://t.co/C6u6Xztgy5 #MNT #diet #nutrition https://t.co/k2kO0gUdPu,,,,,,
TheNationNews,13:46.0,"Physician warns against deadly disease, Lupus https://t.co/V3usqB9gfc",,,,,,
aliceinfemme,11:12.0,@thejaredgrey They are different. You don't live with the impacts of race so you can't know what it's like. Just like I don't know,,,,,,
drugnewsin,10:13.0,Lupus: Probiotics could help to reduce kidney inflammation -  https://t.co/f8Exf8Cbox,,,,,,
allergyPhD,05:34.0,"Canis lupus famliaris, indeed; the familiar is always where the uncanny lurks.",,,,,,
Daltmann10,01:49.0,Great opportunity - RT to any colleagues working on #lupus https://t.co/XET9xgxVGE,,,,,,
Cardiovasc_bio,01:07.0,#cardiovascular news Lupus Research Institute Offers Help and Best Wishes to Nick Cannon in Struggle with Lupus... https://t.co/rfy,,,,,,
falmunction,00:08.0,Lupus Explosivus ‚ñ∫ #22 falmunction plays Crimson Court [BLIND]: https://t.co/E0VgkHh64Q via @YouTube,,,,,,
aliceinfemme,00:02.0,@thejaredgrey Because black folks are impacted by racism in ways neither of us see or can fully understand. Black folks with lupus,,,,,,
Jillnicole77,58:44.0,@Lupus_Chat Thank you,,,,,,
drayzze,56:13.0,@Loricatus_Lupus Sam was AWESOME!!!,,,,,,
SelenaTheWinner,56:00.0,Selena Gomez Is Working on a Documentary Highlighting Her Battle With Lupus (EXCLUSIVE)  https://t.co/AMZKXnlEgF,,,,,,
SelenaTheWinner,55:25.0,Selena working on a documentary about her lupus https://t.co/6BRgnyONij,,,,,,
rdc5088WCOL,53:49.0,Our awesome 2nd shift Operations Manager Kyle Hafford sporting purple! Thank you for supporting LUPUS awareness month Kyle! https:/,,,,,,
DaleYuzuki,51:15.0,"Sarwar:  E6742, PhI small molecule for a lupus target derived from genetics. AiM Inst: re-prioritized due to genetic evidence #Geno",,,,,,
rdc5088WCOL,46:20.0,Wearing purple to support LUPUS Awareness Month! Way to go Eric and Cleo! https://t.co/8SJRmKLZ6X,,,,,,
coldsobriety,46:17.0,SELENA IS DOING A DOCUMENTARY ABOUT LUPUS!!!!,,,,,,
CJChatha,45:38.0,"Wow, this will help raise the profile of #Lupus takes a lot of courage to open up your every day struggles of #Lupus #LupusAwarenes",,,,,,
kpoplover082006,45:24.0,He is now a cancer survivor but he left me and my daughter. I'm a lupus patient but still i have to work in order to provide the ne,,,,,,
tradejas,43:18.0,back in July $auph was ‚Äúall the rage‚Äù with their Lupus drug which I still believe will be big just have to wait for news,,,,,,
DaleYuzuki,41:22.0,Plenge: About 1/2 their pipeline are due to genetic targets. One for lupus - using a molecule and mechanism (Thalidomide-like) #Gen,,,,,,
drayzze,40:59.0,"@Loricatus_Lupus Man, you always deliver. üòÇüòÇüòÇ",,,,,,
,,,,,,,,
Thank you! üòäüëä,,,,,,,,
NEresearch,40:29.0,Learn how a research study could help those struggling to manage #lupus symptoms. Visit https://t.co/J54MMNWgvj #TuesdayThoughts ht,,,,,,
Clara_Health,40:04.0,Selena Gomez's mom opens up about her daughter's surgery: https://t.co/2Ra0wYGjvk Hear her take as a #caregiver. #Lupus,,,,,,
ST0RMTR00PERGUY,39:53.0,Also YES I do already have a Barbatos but the Lupus Rex one is so freaking badass so I'll probably get that one. If I can.,,,,,,
_CrazyWonderful,38:45.0,"Lupus POOPUS, Finding The Positive",,,,,,
,,,,,,,,
"Lupus takes it's toll ,",you have to fight to find,the‚Ä¶ https://t.co/0t1l37opFr https://t.co/v,,,,,,
LupusTreatment,37:02.0,Childhood systemic #lupus erythematosus typical skin manifestations are butterfly eruption on the face and photosensitivity.,,,,,,
Elf___Queen,36:59.0,@lupus_creepus Hugs,,,,,,
DrBonnie360,33:00.0,$1 million appropriated to #lupus medical education üëè https://t.co/SyIIeuCipC,,,,,,
kjilly,32:27.0,"$CELG pens pact to join $BMY, $PFE in R&amp;D race #autoimmunedisease #biotech #psoriasis #RA #lupus https://t.co/WymWGxGbKW",,,,,,
lupus_ni,31:43.0,We are now on @CommunityNI! We hope this will help more people find out about #lupus &amp; connect people with the illness in NI ht,,,,,,
drayzze,31:40.0,"@Loricatus_Lupus I'm not political here, I'll ask you once to respect that.",,,,,,
,,,,,,,,
"Please, and thanks.",,,,,,,,
17xXjess,30:18.0,As you may be aware.. october is lupus month.,,,,,,
We will be holding a cr,aft fair on the 21st octob,er 11am - 3 pm at... https://t.co/GZ,,,,,,
stop_panic_101,30:09.0,PTSD linked with increased Lupus risk: https://t.co/LmzvHHsNkk,,,,,,
ST0RMTR00PERGUY,29:12.0,The Barbatos Lupus Rex looks cool in the anime though....gaaah I can't decide https://t.co/aVA8HLEmOD,,,,,,
Velv3tRope,27:26.0,i had more oomfs in my BannedT account but i knew and interacted with just like 15 of them. Which is not the case in Zain Lupus 2 h,,,,,,
Antlive1976,26:53.0,@lupusincolor @Roxy991Roxy Try focusing on your lupus instead of being in your daughter's camera view giving your opinion 24/7 #get,,,,,,
FundingExperts,25:16.0,Lupus Treatment For Rachel Cagle https://t.co/DUPQ2L4anb @rachelbrewton1 https://t.co/mqnSqBA55f,,,,,,
FundingTweets,25:16.0,Lupus Treatment For Rachel Cagle https://t.co/NHi0lEKG4O @rachelbrewton1 https://t.co/0Yec4tpAQo,,,,,,
UpdatesAboutSel,24:20.0,Selena Gomez is working on a documentary highlighting her struggle with Lupus! üíúhttps://t.co/9q8mEK8fYb,,,,,,
LupusConquerors,24:10.0,"Love is possible, thanks Fabulupus",,,,,,
Lupus Conquerors https:,//t.co/mu4pN6HcjD,,,,,,,
bernadetteocall,23:10.0,Mouse data links microbiome changes to lupus severity and complications https://t.co/bP8ydTcWDm https://t.co/gUH4eWEEmt,,,,,,
LupusGreaterOH,21:51.0,Lupus community shares views with FDA at a patient focused drug development program. Read more below!,,,,,,
https://t.co/0LfUZoKUvh,,,,,,,,
LAlupusLady,21:07.0,when my body hurts &amp; the reason is #Lupus,,,,,,
when my tummy aches &am,p; the reason is #Lupus,,,,,,,
Days like this are why,i walk with @Lu,,,,,,,
Pompadude,20:42.0,"@ChronoReyer Gold Sumo for sure, Barb Lupus, Hot Scramble, The O, Hi-Nu, Kshatriya, Guntank &amp; Kimari Trooper just got nerfed.",,,,,,
,,,,,,,,
MollysFund,17:18.0,"Meet Chala, who shared her inspiring Story of Hope with us at Molly's Fund Fighting Lupus.",,,,,,
#LupusWarrior #MollysFu,nd #FightingLupus,,,,,,,
gomezremixes,12:13.0,@goIdforyou yes there are rumors that she's doing a documentary about her lupus battle,,,,,,
mnt_lupus,10:12.0,Lupus: Probiotics could help to reduce kidney inflammation https://t.co/h06FulbrnN https://t.co/fNUeClOFeg,,,,,,
mnt_vaccines,10:10.0,Lupus: Probiotics could help to reduce kidney inflammation https://t.co/obGK7dgRWZ https://t.co/x0UwM4M1GR,,,,,,
mnt_nutrition,10:07.0,Lupus: Probiotics could help to reduce kidney inflammation https://t.co/GhlIkd9I3u https://t.co/PixQJXJ40d,,,,,,
mnt_gastro,10:06.0,Lupus: Probiotics could help to reduce kidney inflammation https://t.co/0eLinl39Gy https://t.co/x5ZjnYRqbe,,,,,,
MNT_Honor,10:04.0,Lupus: Probiotics could help to reduce kidney inflammation https://t.co/qGD2TGCDHj https://t.co/5Skyv6voZz,,,,,,
mnt,10:02.0,Lupus: Probiotics could help to reduce kidney inflammation https://t.co/aU1rbjXYhh https://t.co/5IWLC8vwXN,,,,,,
YoungerLa,09:55.0,"@drsanjaygupta I don‚Äôt have to imagine; I‚Äôm living it, and we‚Äôre in the U.S.  Imagine having lupus, CHF, ESRD on dialysis, ab",,,,,,
LupusChannel,07:27.0,#LUPUS Study: Associated Cognitive Impairment May Be Identified With New Screening Tool,,,,,,
,,,,,,,,
https://t.co/qfrk4CGHqX,,,,,,,,
jujubeee714,07:27.0,#LUPUS Study: Associated Cognitive Impairment May Be Identified With New Screening Tool,,,,,,
,,,,,,,,
https://t.co/uvr39rnQ8n,,,,,,,,
CurlyHairAngie,06:44.0,Lupus is nun to play around about my cousin passed from that shit üíîüòû,,,,,,
Lesedi_D,01:45.0,Yal know of any support groups for people living with Lupus?,,,,,,
_AetherStar,01:21.0,I'm gonna make barbatos lupus meta,,,,,,
Bristol_CCG,00:57.0,Find out more about lupus duing #LupusAwarenessMonth https://t.co/bWlcxHMtee https://t.co/gaWaYK09TD,,,,,,
bmatixz,58:08.0,Selena Gomez Is Working on a Documentary Highlighting Her Battle With Lupus (EXCLUSIVE)  https://t.co/DkMGflSa4p,,,,,,
FibroFarmhouse,54:47.0,#Spoonies Unite!  Should make a business card with this info on it #FibroFarmhouse #Fibromyalgia #ChronicPain #chronicillness #Lupu,,,,,,
LilCocoaBeann,53:59.0,This Lupus is just so rude to me and my body during the fall/winter üôÑüòë give me strength ü§¶üèæ‚Äç‚ôÄÔ∏èüò©,,,,,,
seboylena,53:49.0,@leaks_sg2 It's the documentary of her battle with lupus. We know it!,,,,,,
4LiquidPlanet,52:14.0,@Cati_Tarragona @Catinformacio Thank you they deserve all our support Free Catalunya FREE It was very hard but Lupus Voted Yes. htt,,,,,,
Nlee34,49:36.0,@babyrapunzal Not sure what's going on BUT Have they checked for Lyme disease? Lupus??,,,,,,
bieberhails,49:28.0,This will be exciting. I still don't know too much about Lupus so it should be informative as well https://t.co/DZWWcv5gqs,,,,,,
JessicaGimeno,48:24.0,She blinded me with science... - https://t.co/tzQvskeF3p via @marlajan #breastcancer #lupus Glad you're back! The üåçneeds you,,,,,,
SelmarieRafaela,41:29.0,Selena Gomez Is Working on a Documentary Highlighting Her Battle With Lupus (EXCLUSIVE) https://t.co/JtPi9n8WjH,,,,,,
KellyFund4Lupus,38:17.0,Today‚Äôs reminder~ I understand. God has you! #Lupus won‚Äôt win! üíú https://t.co/40MZwa3TCB,,,,,,
HIV_AIDS_Bio,38:09.0,Lupus Research Institute Offers Help and Best Wishes to Nick Cannon in Struggle with Lupus Nephritis: NEW YORK‚Ä¶ https://t.co/aYKW,,,,,,
LupusTreatment,37:03.0,"Childhood systemic #lupus erythematosus generally presents between the ages of 3 and 15, with girls outnumbering boys 4:1",,,,,,
carryonchels,29:59.0,Allergies + lupus fatigue + anxiety + my uterus falling out = üî•üî•üî•üî•üî•üî•üî•üî•,,,,,,
RenTheArts,29:21.0,"""Selena Gomez set to release documentary on her struggle with Lupus""",,,,,,
Me https://t.co/vx495p1,lyd,,,,,,,
gomezsuperior,27:49.0,"Selena finally making a documentary about her struggles with Lupus üò¢üò¢I'm honestly so ready for this, i'm gonna be too emotion",,,,,,
jesstranchina,27:00.0,Check out how bacteria in yogurt can reduce lupus symptoms in mice!!! #BioPhilms @jeheindl @ProfKlase https://t.co/JQdec74Q3S,,,,,,
SelenaHQMedia,26:15.0,Selena Gomez Is Working on a Documentary Highlighting her Battle with Lupus  https://t.co/PqJFoahbBI,,,,,,
alittlespoonie,26:07.0,"I don't want to, but I have to... even if I'm flaring up. Not today lupus, not today. https://t.co/Xahmit5BKe",,,,,,
allwindowfilms,25:12.0,"Issues with UV? Allergic to sunlight, or suffer with Lupus, or Porphyria? Our film could help... https://t.co/WafCK45Z6E",,,,,,
NannyMc_Phee,24:04.0,Never really thought about lupus until it hit close to home,,,,,,
ThePressNgr,23:38.0,"Physician says Lupus, a Deadly Disease, Calls for Awareness https://t.co/TJrbzoTJe7",,,,,,
gomezszquad,22:42.0,SELENA IS MAKING A DOCUMENTARY ABOUT HER BATTLE WITH LUPUS,,,,,,
agbounces,20:32.0,"@germa_u @lustfxrzayn @chartdata @selenagomez @gucci1017 yeah she is, justin ended her lupus ass now leave, slut with no life",,,,,,
GomezCommunion,18:43.0,Selena's documentary about lupus is gonna shut all haters down,,,,,,
hannahbadland,17:37.0,If you ever feel bad just remember that my phone autocorrected Louis to lupus @frencht0st,,,,,,
BronaghGall1,16:30.0,@lupus_ni Yep.....accepting a new norm and moving on üòä,,,,,,
LupusTriState,15:27.0,Join us 10/7 for The Empowerment Hour w/ Dr. Adair White-Johnson @dr_adairKeynote for Living Well w/ Lupus Symposium https://t.co/u,,,,,,
hautelifeplus,14:15.0,Sharing a small part of my story.,,,,,,
Lupus warriors you are,strong and fearless.  Desp,ite most ppl‚Ä¶ https://t.co/SsZu7rUmLm,,,,,,
desroundtree,12:34.0,Tuesday. #MorningMeds #TakeYourMeds #Lupus #LupusWarrior‚Ä¶ https://t.co/D6IQSFIOD9,,,,,,
ChronicRights,09:27.0,Why does #lupus affect women of color more often? #SelenaGomez #health https://t.co/4xOeTFQfsN,,,,,,
Adrienhm,08:36.0,Selena Gomez Is Working on a Documentary Highlighting Her Battle With Lupus (EXCLUSIVE)  https://t.co/FRauDdxryW,,,,,,
NIDDKgov,05:22.0,#Lupus is the focus of this week's #HealthyMoments episode featuring a special guest: @NIH_NIAMS Director Dr. Katz! https://t.co/eo,,,,,,
cheper36,04:06.0,@kmichelle I have lupus also. Stay prayed up! I am praying for you as well. üí™üí™,,,,,,
tposelt,03:41.0,my lupus is causing all my nose bleeds and i didn't even know that my face is swollen üòçüòç,,,,,,
LupusResearch,02:16.0,Win prizes and support the Lupus Research Alliance when you sign up for #FanDuel this week via this link! https://t.co/fmPlysKbnr h,,,,,,
SGlosCCG,01:47.0,#LupusAwarenessMonth is here. Find out more about Lupus: https://t.co/dvTFnqpde5 https://t.co/i9j6FGZ3Z4,,,,,,
LupusChickcom,01:43.0,A great reminder for all #LupusChicks,,,,,,
#warrior #chronicillnes,s #spoonie #lupus https://,t.co/c6ZkfBujyX,,,,,,
AnxietyAches,00:55.0,PTSD linked with increased Lupus risk https://t.co/Lz6rpcu0Fp  #anxietyproblems #mentalHealth #Anxiety,,,,,,
diya404,00:38.0,@osaxy @blackduckmoment @ThomasKlineMD Agree. Unless the medical community wants more suicides on their hands they must help with p,,,,,,
GomezCommunion,59:22.0,SELENA IS GONNA MAKE A DOCUMENTARY ABOUT HER STRUGGLE WITH LUPUS!!!! THIS IS SOMETHING WE ALL NEEDED üëèüèºüëèüèºüëèüèº,,,,,,
selesupporter,56:43.0,Selena Gomez Is Working on a Documentary Highlighting Her Battle With Lupus (EXCLUSIVE)  https://t.co/nwDoEisMAU,,,,,,
ArtistStmtBot,56:26.0,"Lupus, MS, Narcolepsy, OCD, PTSD. Housekeeping consists of a series of and they shared.",,,,,,
LupusGreaterOH,49:16.0,Lupus giving you anxiety? Get involved. Volunteer or find another way to be active in your community #LifeTip #Quotes https://t.co/,,,,,,
impalpable_girl,48:27.0,@despite_lupus Thank you üíñ,,,,,,
kjilly,47:04.0,$CELG joins the heavyweight partner club collaborating with Nimbus #biotech #IO #NASH #RA #lupus #psoriasis $GILD https://t.co/Ue5N,,,,,,
avanfitness,46:47.0,Healthy bacteria in yogurt may reduce lupus symptoms in mice https://t.co/pgsUhTLOtD,,,,,,
ElliceCampbell,44:59.0,"""Healthy bacteria in yogurt may reduce lupus symptoms in mice"" https://t.co/12bPulUV7u #Nutrition",,,,,,
avon_deer,44:47.0,@LupusLondonwolf Lupus..there is a tree in your glass.,,,,,,
world2lupus,44:08.0,#Lupus: there is way more to it than meets the eye,,,,,,
,,,,,,,,
It's #LupusAwarenessMon,th here where I live in th,e UK üíú,,,,,,
,,,,,,,,
üíú... https://t,,,,,,,,
PrincipleClean,42:07.0,"I've #justsponsored Mark Chapman, who's fundraising for LUPUS UK on @JustGiving. Donate now https://t.co/pBI5v9X7tH",,,,,,
legrnds,39:02.0,@selenagomez Selena‚Äôs working on a documentary to let people see her struggle with lupus. She wants to shed a light to others abo,,,,,,
LupusTreatment,37:05.0,Dr. Gary M. Levin's remarkable Lupus Total Symptom Elimination https://t.co/eJEAB576d6 Lupus Cure,,,,,,
vietals,33:15.0,Healthy bacteria in yogurt may reduce lupus symptoms in mice https://t.co/t0o78xKkSj,,,,,,
MSFAmerica,32:37.0,How Lupus Changed Flannery O‚ÄôConnor‚Äôs Writing and Took Her Life - https://t.co/DrmduLnazH,,,,,,
avired28,32:36.0,@NickCannon my wife has lupus so I know wat u deal wit i wish u well and may the Almighty father bless u,,,,,,
lupusnewstoday,30:43.0,"Survival in Lupus Patients Hasn‚Äôt Improved Since Mid-1990s, Study Reveals. Read more &gt;&gt; https://t.co/TBE21kJG6r",,,,,,
MedResFdn,30:01.0,"Our Emerging Leaders Prize will reward outstanding scientists in lupus research, apply by 1 Nov #lupusawarenessmonth https://t.co/7",,,,,,
LuLuLupieLu,29:17.0,Great! She's really helping to bring awareness.,,,,,,
,,,,,,,,
Selena Gomez Working on,Documentary Highlighting,Battle With Lupus,,,,,,
,,,,,,,,
https://t.co/L,,,,,,,,
HellaBrett,25:23.0,"@cookieFGC So far I've been picking based on matchup, between Lupus, Gerobi, and X1, but I need to do more research too tbqh.",,,,,,
_WeightLossInfo,23:23.0,Healthy bacteria in yogurt may reduce lupus symptoms in mice https://t.co/Qg7MvaMVlU https://t.co/05oOnV19Ey,,,,,,
Artistlike,20:31.0,@danaparish @DrCelineThum ...the foundation was forced to waste most of its time insisting lupus is a real illness and that patient,,,,,,
Artistlike,19:18.0,@danaparish @DrCelineThum I know a woman who was on a national lupus foundation board in the 1990s. She said at the time lupus pati,,,,,,
_selenagomezecu,18:52.0,Selena Gomez Is Working on a Documentary Highlighting Her Battle With Lupus (EXCLUSIVE) via Intouchweekly https://t.co/WDj1vIXp7y,,,,,,
HirMiura,18:32.0,"@LiamMessam Liam, I am a fan of Toshiba Brave Lupus. Congratulations on 2nd victory!  I expect your activity and further victory!!",,,,,,
TiffanyCWitcher,16:39.0,If you have a purple cosplay and wish to help for Lupus Awareness May 2018 please submit here on the page. I will... https://t.co/r,,,,,,
selenaecumedia,16:26.0,Selena Gomez Is Working on a Documentary Highlighting Her Battle With Lupus (EXCLUSIVE) via Intouchweekly,,,,,,
,,,,,,,,
After m‚Ä¶ https://t.co,/,,,,,,,
clkeen77,16:22.0,@HuntFiber No kidding  #Hashimoto #Lupus #Fibromyalgia #BrainFogg,,,,,,
gomezxronaldo,16:20.0,And I‚Äôm 100% sure that all the money will be going to the lupus research,,,,,,
EmeryLevesque,14:24.0,Healthy bacteria in yogurt may reduce lupus symptoms in mice https://t.co/BaOxBwEBDQ,,,,,,
vpeanuts,14:17.0,Friend took me out for lunch. Now writhing in agony. üò¢üò¢üò¢üò¢ #sjogrens #lupus #autoimmune #chronic,,,,,,
Lupus_Chat,14:08.0,"If you are unable stretch, ry breathing exercises to help center your body &amp; mind to start the day #LupusChat https://t.co/d9zo",,,,,,
Flewellen2Niece,13:25.0,Vote For Niecey LivingSingle,,,,,,
Song: WE GONE FIGHT,,,,,,,,
In Honor Of Cancer And,Lupus,,,,,,,
Survivors https://t.co/,VzvSwp6RAH,,,,,,,
Lazahealthorg,13:19.0,Healthy bacteria in yogurt may reduce lupus symptoms in mice https://t.co/ULw5tlBJKN #medicine #health,,,,,,
paragpaleja,12:08.0,Healthy bacteria in yogurt may reduce lupus symptoms in mice https://t.co/vU3EqModku,,,,,,
kangaske,11:23.0,Healthy bacteria in yogurt may reduce lupus symptoms in mice https://t.co/NZcMrbAaBt,,,,,,
biselena_,11:05.0,Selena Gomez Is Working on a Documentary Highlighting Her Battle With Lupus (EXCLUSIVE)  https://t.co/6VwQFvaPWc,,,,,,
LUPUSUK,11:04.0,We have now published our blog article about September's Topic of the Month - Getting a Diagnosis of Lupus.,,,,,,
https://t.co/PeRdSpd7F,,,,,,,,
llastrai,10:56.0,The cruel reality of lupus https://t.co/dZKVxQJwNl,,,,,,
LKChapman147,10:26.0,Healthy bacteria in yogurt may reduce lupus symptoms in mice https://t.co/aaSWfZlrH1,,,,,,
OyyMate_ItsD,09:45.0,Hey guys there's still a little time left to donate to Walk to End Lupus üôÇ,,,,,,
,,,,,,,,
https://t.co/Dx4CGaUusG,,,,,,,,
JenniferB_RN,09:14.0,Healthy bacteria in yogurt may reduce lupus symptoms in mice  https://t.co/39wKJuDInc #science #health,,,,,,
mignon_dunbar,08:35.0,Healthy bacteria in yogurt may reduce lupus symptoms in mice https://t.co/FvSTHnZpvR,,,,,,
Mdabulkhair01,07:30.0,Healthy bacteria in yogurt may reduce lupus symptoms in mice https://t.co/mKTynXMZw6 Science daily News,,,,,,
Lupus_Chat,07:29.0,"Hey #LupusChat family, If you can, try lightly stretching to loosen your joints &amp; muscles, and relieve some stress! https://t.c",,,,,,
LAlupusLady,07:24.0,Selena Gomez Is Working on a Documentary Highlighting Her Battle With #Lupus  https://t.co/TwCkoMCs2r,,,,,,
JDTekEngRecruit,07:09.0,Healthy bacteria in yogurt may reduce lupus symptoms in mice https://t.co/FWnSAd2hVk,,,,,,
TristanLavish,06:55.0,"Other than Mercedes (chick with Lupus), Eva was my fav from ANTM..",,,,,,
TeamSelenaGomez,06:11.0,Selena Gomez Is Working on a Documentary Highlighting Her Battle With Lupus (EXCLUSIVE) https://t.co/5Sro9H33SN,,,,,,
mjkienzle,05:50.0,Healthy bacteria in yogurt may reduce lupus symptoms in mice https://t.co/lV1rhlsJnW,,,,,,
janvandekamp81,05:44.0,Healthy bacteria in yogurt may reduce lupus symptoms in mice https://t.co/tgb5SMdF2P,,,,,,
DContented,05:34.0,Healthy bacteria in yogurt may reduce lupus symptoms in mice https://t.co/aQeimhv00v,,,,,,
LolaM94,05:17.0,Selena Gomez Is Working on a Documentary Highlighting Her Battle With Lupus (EXCLUSIVE)  https://t.co/inrKWaSxdv,,,,,,
selenagomezbr,04:22.0,Selena Gomez Is Working on a Documentary Highlighting Her Battle With Lupus (EXCLUSIVE)  https://t.co/F4xfyR5utX,,,,,,
Icveonly,04:12.0,the people who say selena is faking lupus are so ignorant,,,,,,
bigdaddyent7,03:20.0,I want to thank everyone who came out to the Lupus Ceremony event Sat. This has been the roughest 2 weeks of my... https://t.co/wxL,,,,,,
Health_in_hand,02:24.0,Healthy bacteria in yogurt may reduce lupus symptoms in mice https://t.co/59ueK1A1vY https://t.co/UYAwzYvcrM,,,,,,
Sally_Z_M,01:51.0,@LifeWithSelG and she is probably raise even more fund and awareness for lupus reaserch,,,,,,
selenasloveeee,01:48.0,Omg Selena‚Äôs working on a documentary I can‚Äôt üò≠üò≠ it‚Äôs about her health and her lupus,,,,,,
NancyHCWard,01:45.0,How Lupus Changed Flannery O‚ÄôConnor‚Äôs Writing and Took Her Life https://t.co/1PEuUWaeMr,,,,,,
LifeWithSelG,00:38.0,‚ÄúMany people are battling Lupus (or other diseases) so she wants to shed light on that struggle.‚Äù ‚Äì In Touch.,,,,,,
GomezSource,00:29.0,‚ÄúShe‚Äôs making a documentary about her health issues. Selena will talk about her journey and give viewers insight into lupus.‚Äù,,,,,,
Lazahealthorg,00:25.0,Healthy bacteria in yogurt may reduce lupus symptoms in mice https://t.co/ULw5tlBJKN #health #medicine,,,,,,
TomSilver39,00:07.0,$AUPH Manifestations of lupus in the kidney and how to manage them https://t.co/B9mK82EyWL https://t.co/THLYSG2xj4,,,,,,
Selenator,59:54.0,Selena Gomez Is Working on a Documentary Highlighting Her Battle With Lupus (EXCLUSIVE)  https://t.co/LjJFQ6uSoO,,,,,,
LifeWithSelG,59:31.0,"‚ÄúSelena will talk about her journey, give viewers insight into Lupus and clear up any misunderstandings.‚Äù ‚Äì A source to In To",,,,,,
Dr_AME_Botox,59:23.0,#HealthNews - Healthy bacteria in yogurt may reduce lupus symptoms in mice https://t.co/ecpC13yIco,,,,,,
selmilasnature,58:59.0,"selena's working on a documentary about lupus, i am already crying üò≠",,,,,,
live999radio,58:49.0,Selena Gomez working on a Documentary about her battle with Lupus. https://t.co/F5wuKVmxsg,,,,,,
SelenaMusicInfo,57:55.0,Selena is Working On a Documentary Highlighting Her Battles with Lupus Read Here,,,,,,
https://t.co/l0XTEx3cQS,,,,,,,,
GomezSource,57:27.0,Selena Gomez Is Working on a Documentary Highlighting Her Battle With Lupus (EXCLUSIVE)  https://t.co/l97l2J0rSi,,,,,,
LupusEurope,57:12.0,"Meeting the TOPRA President Bob Clark and Robert Johnstone, new patient rep to  the TOPRA Board  #TOPRASym17 #Lupus https://t.co/eA",,,,,,
EzBrz,57:12.0,Healthy bacteria in yogurt may reduce lupus symptoms in mice https://t.co/hMjRFSu1EL,,,,,,
selenasfirework,57:10.0,"Selena's documentary about her battle with lupus will be the death of me, i'm going to cry rivers and oceans",,,,,,
LifeWithSelG,55:54.0,Selena Gomez Is Working On A Documentary Highlighting Her Battle With Lupus. (EXCLUSIVE) https://t.co/B0FHgkpSRs,,,,,,
SelenaGomezNews,55:36.0,Selena is apparently working on a documentary highlighting her battle with Lupus. https://t.co/uXrQJRxTDb,,,,,,
camilanation97,54:36.0,Selena Gomez Is Working on a Documentary Highlighting Her Battle With Lupus (EXCLUSIVE)  https://t.co/RJWKNkU6OE,,,,,,
DEMIikable27,54:03.0,"@DileyWhore @taymilIa @singlefucks @musicnewsfact @ddlovato You guys shouldn't make fun of Selena's lupus and her songs, if you don",,,,,,
theJamPoet,53:39.0,#Mood #tuesday #tuesdaythoughts the #drums tho ! #haiti #funkinforjamaica #Lupus #LupieStrong‚Ä¶ https://t.co/zsWJHyQQLA,,,,,,
tysposey,49:06.0,Selena Gomez Is Working on a Documentary Highlighting Her Battle With Lupus (EXCLUSIVE)  https://t.co/LUjv022MT2,,,,,,
LAlupusLady,47:49.0,Enter @FANDUEL 's contest you could win a trip to the 2018 Pro-Bowl,,,,,,
support @LupusResearch,,,,,,,,
https://t.co/VMswh0C38z,,,,,,,,
#FantasyFootball,,,,,,,,
Lupus_Chat,39:29.0,‚è∞Morning Medication Reminder: Have you taken your A.M. meds yet? Hop to it! You know there's no missing meds in the #LupusChat fa,,,,,,
danaparish,38:44.0,"@DrCelineThum Oh, and one more thing. Lupus is real. And sometimes, it is induced by an infection like Lyme. Lots of Lupus pts have",,,,,,
MarcoHaamans,36:36.0,Hallo Chris @hornerakg I am a #Lupuswarrior Do you have a Lupus Jersey and short from 2016 for me so I can spread AWARENESS on my b,,,,,,
MedSymptoms,33:09.0,What Causes Lupus? - https://t.co/YDfP5NVHy3,,,,,,
Aldringhambooks,30:06.0,Books about Lupus - see the Best Sellers at  https://t.co/UDl4Fhx14N,,,,,,
MarcoHaamans,29:41.0,@LupusRacingTeam @hornerakg @lesmophoto HELLO I am a #Lupuswarrior. Is there anyone who has a Lupus jersey and short from 2016 left,,,,,,
Lupus_Chat,25:38.0,Good morning #LupusChat family! How was your night? Time for breakfast &amp; light stretching. We hope you have a beautiful and pea,,,,,,
jccolyer,14:08.0,-#Lupus - An inflammatory disease caused when the immune system attacks its own tissues.- find info@ https://t.co/6UlDmKUXUl ‚Ä¶@Lu,,,,,,
S4PM,08:46.0,@TiffanyAndLupus @health2con @Lupus_Chat Hope you can!,,,,,,
jesuschristplus,04:07.0,"Say Goodbye To Vertigo, Lupus, Fibromyalgia, Arthritis, Chronic Fatigue, Thyroid Problems And Much More! https://t.co/XvJHz2s6dS",,,,,,
All_Trends_IT,56:25.0,Selena Gomez Lupus: Singer Will Reportedly Document Her Health Struggles In Upcoming Documentary https://t.co/EoejwD9MoO via Lindsa,,,,,,
2Sandie1,55:01.0,@ShropInfo OCTOBER IS LUPUS AWARENESS month could you spread the word please,,,,,,